record_id,student_id,student_name,lecture_id,lecture_name,lecturer_id,lecturer_name,course_id,course_code,course_name,group_id,group_name,academic_week,timestamp,time,time_minute,emotion,confidence,engagement_score,focus_score,attendance_status,is_present,left_room,absence_duration_minutes,source_type,model_name
1,S001,Linda Ahmed,Lbc5f9ac04,CS301 — GRP_A_CS301 (Week 1),L002,Ahmed Mohamed,1,CS301,Artificial Intelligence,1,Group A - CS301,1,2026-02-09T08:03:40Z,08:03,0,Bored,0.97,0.17,0.82,Present,TRUE,FALSE,0,mock_video,EduPulse_v1.0
21,S001,Linda Ahmed,Lbc5f9ac04,CS301 — GRP_A_CS301 (Week 1),L002,Ahmed Mohamed,1,CS301,Artificial Intelligence,1,Group A - CS301,1,2026-02-09T08:05:44Z,08:05,5,Confused,0.93,0.45,0.93,Present,TRUE,FALSE,0,mock_video,EduPulse_v1.0
41,S001,Linda Ahmed,Lbc5f9ac04,CS301 — GRP_A_CS301 (Week 1),L002,Ahmed Mohamed,1,CS301,Artificial Intelligence,1,Group A - CS301,1,2026-02-09T08:13:39Z,08:13,10,Neutral,0.79,0.65,0.72,Absent,FALSE,TRUE,15,mock_video,EduPulse_v1.0
61,S001,Linda Ahmed,Lbc5f9ac04,CS301 — GRP_A_CS301 (Week 1),L002,Ahmed Mohamed,1,CS301,Artificial Intelligence,1,Group A - CS301,1,2026-02-09T08:17:43Z,08:17,15,Neutral,0.86,0.63,0.78,Present,TRUE,FALSE,0,mock_video,EduPulse_v1.0
81,S001,Linda Ahmed,Lbc5f9ac04,CS301 — GRP_A_CS301 (Week 1),L002,Ahmed Mohamed,1,CS301,Artificial Intelligence,1,Group A - CS301,1,2026-02-09T08:24:57Z,08:24,20,Happy,0.81,0.95,0.82,Present,TRUE,FALSE,0,mock_video,EduPulse_v1.0
101,S001,Linda Ahmed,Lbc5f9ac04,CS301 — GRP_A_CS301 (Week 1),L002,Ahmed Mohamed,1,CS301,Artificial Intelligence,1,Group A - CS301,1,2026-02-09T08:26:55Z,08:26,25,Neutral,0.82,0.63,0.91,Present,TRUE,FALSE,0,mock_video,EduPulse_v1.0
121,S001,Linda Ahmed,Lbc5f9ac04,CS301 — GRP_A_CS301 (Week 1),L002,Ahmed Mohamed,1,CS301,Artificial Intelligence,1,Group A - CS301,1,2026-02-09T08:32:11Z,08:32,30,Neutral,0.95,0.6,0.87,Present,TRUE,FALSE,0,mock_video,EduPulse_v1.0
141,S001,Linda Ahmed,Lbc5f9ac04,CS301 — GRP_A_CS301 (Week 1),L002,Ahmed Mohamed,1,CS301,Artificial Intelligence,1,Group A - CS301,1,2026-02-09T08:35:35Z,08:35,35,Neutral,0.96,0.68,0.89,Present,TRUE,FALSE,0,mock_video,EduPulse_v1.0
161,S001,Linda Ahmed,Lbc5f9ac04,CS301 — GRP_A_CS301 (Week 1),L002,Ahmed Mohamed,1,CS301,Artificial Intelligence,1,Group A - CS301,1,2026-02-09T08:41:25Z,08:41,40,Neutral,0.93,0.68,0.76,Present,TRUE,FALSE,0,mock_video,EduPulse_v1.0
181,S001,Linda Ahmed,Lbc5f9ac04,CS301 — GRP_A_CS301 (Week 1),L002,Ahmed Mohamed,1,CS301,Artificial Intelligence,1,Group A - CS301,1,2026-02-09T08:45:54Z,08:45,45,Neutral,0.92,0.61,0.84,Present,TRUE,FALSE,0,mock_video,EduPulse_v1.0
201,S001,Linda Ahmed,Lbc5f9ac04,CS301 — GRP_A_CS301 (Week 1),L002,Ahmed Mohamed,1,CS301,Artificial Intelligence,1,Group A - CS301,1,2026-02-09T08:50:16Z,08:50,50,Neutral,0.78,0.62,0.76,Present,TRUE,FALSE,0,mock_video,EduPulse_v1.0
221,S001,Linda Ahmed,Lbc5f9ac04,CS301 — GRP_A_CS301 (Week 1),L002,Ahmed Mohamed,1,CS301,Artificial Intelligence,1,Group A - CS301,1,2026-02-09T08:57:47Z,08:57,55,Happy,0.9,0.98,0.74,Present,TRUE,FALSE,0,mock_video,EduPulse_v1.0
241,S001,Linda Ahmed,Lbda5b8140,CS301 — GRP_A_CS301 (Week 2),L002,Ahmed Mohamed,1,CS301,Artificial Intelligence,1,Group A - CS301,2,2026-02-11T12:03:33Z,12:03,0,Confused,0.76,0.44,0.65,Present,TRUE,FALSE,0,mock_video,EduPulse_v1.0
261,S001,Linda Ahmed,Lbda5b8140,CS301 — GRP_A_CS301 (Week 2),L002,Ahmed Mohamed,1,CS301,Artificial Intelligence,1,Group A - CS301,2,2026-02-11T12:06:21Z,12:06,5,Happy,0.91,0.92,0.93,Present,TRUE,FALSE,0,mock_video,EduPulse_v1.0
281,S001,Linda Ahmed,Lbda5b8140,CS301 — GRP_A_CS301 (Week 2),L002,Ahmed Mohamed,1,CS301,Artificial Intelligence,1,Group A - CS301,2,2026-02-11T12:11:21Z,12:11,10,Confused,0.9,0.45,0.87,Present,TRUE,FALSE,0,mock_video,EduPulse_v1.0
301,S001,Linda Ahmed,Lbda5b8140,CS301 — GRP_A_CS301 (Week 2),L002,Ahmed Mohamed,1,CS301,Artificial Intelligence,1,Group A - CS301,2,2026-02-11T12:19:39Z,12:19,15,Neutral,0.97,0.65,0.71,Present,TRUE,FALSE,0,mock_video,EduPulse_v1.0
321,S001,Linda Ahmed,Lbda5b8140,CS301 — GRP_A_CS301 (Week 2),L002,Ahmed Mohamed,1,CS301,Artificial Intelligence,1,Group A - CS301,2,2026-02-11T12:23:08Z,12:23,20,Happy,0.85,0.96,0.93,Present,TRUE,FALSE,0,mock_video,EduPulse_v1.0
341,S001,Linda Ahmed,Lbda5b8140,CS301 — GRP_A_CS301 (Week 2),L002,Ahmed Mohamed,1,CS301,Artificial Intelligence,1,Group A - CS301,2,2026-02-11T12:28:08Z,12:28,25,Happy,0.95,0.91,0.78,Present,TRUE,FALSE,0,mock_video,EduPulse_v1.0
361,S001,Linda Ahmed,Lbda5b8140,CS301 — GRP_A_CS301 (Week 2),L002,Ahmed Mohamed,1,CS301,Artificial Intelligence,1,Group A - CS301,2,2026-02-11T12:31:22Z,12:31,30,Confused,0.75,0.41,0.76,Present,TRUE,FALSE,0,mock_video,EduPulse_v1.0
381,S001,Linda Ahmed,Lbda5b8140,CS301 — GRP_A_CS301 (Week 2),L002,Ahmed Mohamed,1,CS301,Artificial Intelligence,1,Group A - CS301,2,2026-02-11T12:35:18Z,12:35,35,Neutral,0.97,0.65,0.87,Present,TRUE,FALSE,0,mock_video,EduPulse_v1.0
401,S001,Linda Ahmed,Lbda5b8140,CS301 — GRP_A_CS301 (Week 2),L002,Ahmed Mohamed,1,CS301,Artificial Intelligence,1,Group A - CS301,2,2026-02-11T12:44:18Z,12:44,40,Confused,0.81,0.42,0.78,Present,TRUE,FALSE,0,mock_video,EduPulse_v1.0
421,S001,Linda Ahmed,Lbda5b8140,CS301 — GRP_A_CS301 (Week 2),L002,Ahmed Mohamed,1,CS301,Artificial Intelligence,1,Group A - CS301,2,2026-02-11T12:47:50Z,12:47,45,Neutral,0.92,0.69,0.67,Present,TRUE,FALSE,0,mock_video,EduPulse_v1.0
441,S001,Linda Ahmed,Lbda5b8140,CS301 — GRP_A_CS301 (Week 2),L002,Ahmed Mohamed,1,CS301,Artificial Intelligence,1,Group A - CS301,2,2026-02-11T12:53:42Z,12:53,50,Neutral,0.87,0.61,0.78,Present,TRUE,FALSE,0,mock_video,EduPulse_v1.0
461,S001,Linda Ahmed,Lbda5b8140,CS301 — GRP_A_CS301 (Week 2),L002,Ahmed Mohamed,1,CS301,Artificial Intelligence,1,Group A - CS301,2,2026-02-11T12:58:08Z,12:58,55,Neutral,0.76,0.64,0.69,Present,TRUE,FALSE,0,mock_video,EduPulse_v1.0
2881,S001,Linda Ahmed,L8add99619,CS301 — GRP_A_CS301 (Week 13),L002,Ahmed Mohamed,1,CS301,Artificial Intelligence,1,Group A - CS301,13,2026-02-09T08:04:42Z,08:04,0,Happy,0.8,1,0.7,Present,TRUE,FALSE,0,mock_video,EduPulse_v1.0
2901,S001,Linda Ahmed,L8add99619,CS301 — GRP_A_CS301 (Week 13),L002,Ahmed Mohamed,1,CS301,Artificial Intelligence,1,Group A - CS301,13,2026-02-09T08:07:24Z,08:07,5,Neutral,0.94,0.64,0.67,Present,TRUE,FALSE,0,mock_video,EduPulse_v1.0
2921,S001,Linda Ahmed,L8add99619,CS301 — GRP_A_CS301 (Week 13),L002,Ahmed Mohamed,1,CS301,Artificial Intelligence,1,Group A - CS301,13,2026-02-09T08:12:54Z,08:12,10,Happy,0.8,0.95,0.7,Present,TRUE,FALSE,0,mock_video,EduPulse_v1.0
2941,S001,Linda Ahmed,L8add99619,CS301 — GRP_A_CS301 (Week 13),L002,Ahmed Mohamed,1,CS301,Artificial Intelligence,1,Group A - CS301,13,2026-02-09T08:17:35Z,08:17,15,Bored,0.83,0.06,0.63,Present,TRUE,FALSE,0,mock_video,EduPulse_v1.0
2961,S001,Linda Ahmed,L8add99619,CS301 — GRP_A_CS301 (Week 13),L002,Ahmed Mohamed,1,CS301,Artificial Intelligence,1,Group A - CS301,13,2026-02-09T08:21:08Z,08:21,20,Confused,0.86,0.44,0.61,Present,TRUE,FALSE,0,mock_video,EduPulse_v1.0
2981,S001,Linda Ahmed,L8add99619,CS301 — GRP_A_CS301 (Week 13),L002,Ahmed Mohamed,1,CS301,Artificial Intelligence,1,Group A - CS301,13,2026-02-09T08:28:15Z,08:28,25,Happy,0.92,0.99,0.78,Present,TRUE,FALSE,0,mock_video,EduPulse_v1.0
3001,S001,Linda Ahmed,L8add99619,CS301 — GRP_A_CS301 (Week 13),L002,Ahmed Mohamed,1,CS301,Artificial Intelligence,1,Group A - CS301,13,2026-02-09T08:31:13Z,08:31,30,Neutral,0.87,0.58,0.84,Present,TRUE,FALSE,0,mock_video,EduPulse_v1.0
3021,S001,Linda Ahmed,L8add99619,CS301 — GRP_A_CS301 (Week 13),L002,Ahmed Mohamed,1,CS301,Artificial Intelligence,1,Group A - CS301,13,2026-02-09T08:36:16Z,08:36,35,Happy,0.78,1,0.61,Present,TRUE,FALSE,0,mock_video,EduPulse_v1.0
3041,S001,Linda Ahmed,L8add99619,CS301 — GRP_A_CS301 (Week 13),L002,Ahmed Mohamed,1,CS301,Artificial Intelligence,1,Group A - CS301,13,2026-02-09T08:40:19Z,08:40,40,Neutral,0.8,0.63,0.89,Present,TRUE,FALSE,0,mock_video,EduPulse_v1.0
3061,S001,Linda Ahmed,L8add99619,CS301 — GRP_A_CS301 (Week 13),L002,Ahmed Mohamed,1,CS301,Artificial Intelligence,1,Group A - CS301,13,2026-02-09T08:49:07Z,08:49,45,Neutral,0.84,0.67,0.94,Present,TRUE,FALSE,0,mock_video,EduPulse_v1.0
3081,S001,Linda Ahmed,L8add99619,CS301 — GRP_A_CS301 (Week 13),L002,Ahmed Mohamed,1,CS301,Artificial Intelligence,1,Group A - CS301,13,2026-02-09T08:51:11Z,08:51,50,Neutral,0.85,0.73,0.88,Absent,FALSE,TRUE,15,mock_video,EduPulse_v1.0
3101,S001,Linda Ahmed,L8add99619,CS301 — GRP_A_CS301 (Week 13),L002,Ahmed Mohamed,1,CS301,Artificial Intelligence,1,Group A - CS301,13,2026-02-09T08:55:22Z,08:55,55,Happy,0.8,0.92,0.95,Present,TRUE,FALSE,0,mock_video,EduPulse_v1.0
3121,S001,Linda Ahmed,L6668652b8,CS301 — GRP_A_CS301 (Week 14),L002,Ahmed Mohamed,1,CS301,Artificial Intelligence,1,Group A - CS301,14,2026-02-11T12:02:10Z,12:02,0,Neutral,0.88,0.67,0.85,Present,TRUE,FALSE,0,mock_video,EduPulse_v1.0
3141,S001,Linda Ahmed,L6668652b8,CS301 — GRP_A_CS301 (Week 14),L002,Ahmed Mohamed,1,CS301,Artificial Intelligence,1,Group A - CS301,14,2026-02-11T12:09:10Z,12:09,5,Happy,0.87,0.89,0.74,Present,TRUE,FALSE,0,mock_video,EduPulse_v1.0
3161,S001,Linda Ahmed,L6668652b8,CS301 — GRP_A_CS301 (Week 14),L002,Ahmed Mohamed,1,CS301,Artificial Intelligence,1,Group A - CS301,14,2026-02-11T12:14:08Z,12:14,10,Happy,0.79,0.91,0.84,Present,TRUE,FALSE,0,mock_video,EduPulse_v1.0
3181,S001,Linda Ahmed,L6668652b8,CS301 — GRP_A_CS301 (Week 14),L002,Ahmed Mohamed,1,CS301,Artificial Intelligence,1,Group A - CS301,14,2026-02-11T12:15:29Z,12:15,15,Happy,0.95,0.87,0.85,Absent,FALSE,TRUE,10,mock_video,EduPulse_v1.0
3201,S001,Linda Ahmed,L6668652b8,CS301 — GRP_A_CS301 (Week 14),L002,Ahmed Mohamed,1,CS301,Artificial Intelligence,1,Group A - CS301,14,2026-02-11T12:24:41Z,12:24,20,Happy,0.88,1,0.77,Present,TRUE,FALSE,0,mock_video,EduPulse_v1.0
3221,S001,Linda Ahmed,L6668652b8,CS301 — GRP_A_CS301 (Week 14),L002,Ahmed Mohamed,1,CS301,Artificial Intelligence,1,Group A - CS301,14,2026-02-11T12:27:41Z,12:27,25,Confused,0.83,0.41,0.79,Present,TRUE,FALSE,0,mock_video,EduPulse_v1.0
3241,S001,Linda Ahmed,L6668652b8,CS301 — GRP_A_CS301 (Week 14),L002,Ahmed Mohamed,1,CS301,Artificial Intelligence,1,Group A - CS301,14,2026-02-11T12:32:45Z,12:32,30,Confused,0.96,0.42,0.84,Present,TRUE,FALSE,0,mock_video,EduPulse_v1.0
3261,S001,Linda Ahmed,L6668652b8,CS301 — GRP_A_CS301 (Week 14),L002,Ahmed Mohamed,1,CS301,Artificial Intelligence,1,Group A - CS301,14,2026-02-11T12:37:48Z,12:37,35,Confused,0.82,0.47,0.74,Present,TRUE,FALSE,0,mock_video,EduPulse_v1.0
3281,S001,Linda Ahmed,L6668652b8,CS301 — GRP_A_CS301 (Week 14),L002,Ahmed Mohamed,1,CS301,Artificial Intelligence,1,Group A - CS301,14,2026-02-11T12:43:26Z,12:43,40,Happy,0.87,0.99,0.75,Present,TRUE,FALSE,0,mock_video,EduPulse_v1.0
3301,S001,Linda Ahmed,L6668652b8,CS301 — GRP_A_CS301 (Week 14),L002,Ahmed Mohamed,1,CS301,Artificial Intelligence,1,Group A - CS301,14,2026-02-11T12:47:28Z,12:47,45,Confused,0.77,0.45,0.88,Present,TRUE,FALSE,0,mock_video,EduPulse_v1.0
3321,S001,Linda Ahmed,L6668652b8,CS301 — GRP_A_CS301 (Week 14),L002,Ahmed Mohamed,1,CS301,Artificial Intelligence,1,Group A - CS301,14,2026-02-11T12:53:31Z,12:53,50,Happy,0.88,0.92,0.81,Present,TRUE,FALSE,0,mock_video,EduPulse_v1.0
3341,S001,Linda Ahmed,L6668652b8,CS301 — GRP_A_CS301 (Week 14),L002,Ahmed Mohamed,1,CS301,Artificial Intelligence,1,Group A - CS301,14,2026-02-11T12:59:59Z,12:59,55,Neutral,0.8,0.58,0.85,Absent,FALSE,TRUE,5,mock_video,EduPulse_v1.0
3841,S001,Linda Ahmed,Lc352ea6f6,CS302 — GRP_A_CS302 (Week 1),L004,mina youssef,2,CS302,Data Science Fundamentals,3,Group A - CS302,1,2026-02-16T08:01:40Z,08:01,0,Happy,0.88,0.92,0.68,Present,TRUE,FALSE,0,mock_video,EduPulse_v1.0
3861,S001,Linda Ahmed,Lc352ea6f6,CS302 — GRP_A_CS302 (Week 1),L004,mina youssef,2,CS302,Data Science Fundamentals,3,Group A - CS302,1,2026-02-16T08:08:02Z,08:08,5,Neutral,0.93,0.67,0.88,Present,TRUE,FALSE,0,mock_video,EduPulse_v1.0
3881,S001,Linda Ahmed,Lc352ea6f6,CS302 — GRP_A_CS302 (Week 1),L004,mina youssef,2,CS302,Data Science Fundamentals,3,Group A - CS302,1,2026-02-16T08:12:39Z,08:12,10,Neutral,0.75,0.57,0.95,Present,TRUE,FALSE,0,mock_video,EduPulse_v1.0
3901,S001,Linda Ahmed,Lc352ea6f6,CS302 — GRP_A_CS302 (Week 1),L004,mina youssef,2,CS302,Data Science Fundamentals,3,Group A - CS302,1,2026-02-16T08:18:48Z,08:18,15,Happy,0.89,0.93,0.68,Present,TRUE,FALSE,0,mock_video,EduPulse_v1.0
3921,S001,Linda Ahmed,Lc352ea6f6,CS302 — GRP_A_CS302 (Week 1),L004,mina youssef,2,CS302,Data Science Fundamentals,3,Group A - CS302,1,2026-02-16T08:24:30Z,08:24,20,Confused,0.79,0.41,0.66,Present,TRUE,FALSE,0,mock_video,EduPulse_v1.0
3941,S001,Linda Ahmed,Lc352ea6f6,CS302 — GRP_A_CS302 (Week 1),L004,mina youssef,2,CS302,Data Science Fundamentals,3,Group A - CS302,1,2026-02-16T08:26:35Z,08:26,25,Confused,0.73,0.38,0.91,Present,TRUE,FALSE,0,mock_video,EduPulse_v1.0
3961,S001,Linda Ahmed,Lc352ea6f6,CS302 — GRP_A_CS302 (Week 1),L004,mina youssef,2,CS302,Data Science Fundamentals,3,Group A - CS302,1,2026-02-16T08:34:29Z,08:34,30,Confused,0.8,0.34,0.85,Present,TRUE,FALSE,0,mock_video,EduPulse_v1.0
3981,S001,Linda Ahmed,Lc352ea6f6,CS302 — GRP_A_CS302 (Week 1),L004,mina youssef,2,CS302,Data Science Fundamentals,3,Group A - CS302,1,2026-02-16T08:37:18Z,08:37,35,Confused,0.71,0.49,0.69,Present,TRUE,FALSE,0,mock_video,EduPulse_v1.0
4001,S001,Linda Ahmed,Lc352ea6f6,CS302 — GRP_A_CS302 (Week 1),L004,mina youssef,2,CS302,Data Science Fundamentals,3,Group A - CS302,1,2026-02-16T08:42:27Z,08:42,40,Confused,0.71,0.46,0.89,Present,TRUE,FALSE,0,mock_video,EduPulse_v1.0
4021,S001,Linda Ahmed,Lc352ea6f6,CS302 — GRP_A_CS302 (Week 1),L004,mina youssef,2,CS302,Data Science Fundamentals,3,Group A - CS302,1,2026-02-16T08:49:19Z,08:49,45,Neutral,0.8,0.54,0.69,Present,TRUE,FALSE,0,mock_video,EduPulse_v1.0
4041,S001,Linda Ahmed,Lc352ea6f6,CS302 — GRP_A_CS302 (Week 1),L004,mina youssef,2,CS302,Data Science Fundamentals,3,Group A - CS302,1,2026-02-16T08:51:51Z,08:51,50,Neutral,0.84,0.68,0.75,Present,TRUE,FALSE,0,mock_video,EduPulse_v1.0
4061,S001,Linda Ahmed,Lc352ea6f6,CS302 — GRP_A_CS302 (Week 1),L004,mina youssef,2,CS302,Data Science Fundamentals,3,Group A - CS302,1,2026-02-16T08:59:14Z,08:59,55,Happy,0.96,1,0.86,Present,TRUE,FALSE,0,mock_video,EduPulse_v1.0
4081,S001,Linda Ahmed,L3dcd1e5d2,CS302 — GRP_A_CS302 (Week 2),L004,mina youssef,2,CS302,Data Science Fundamentals,3,Group A - CS302,2,2026-02-18T12:01:58Z,12:01,0,Confused,0.81,0.4,0.83,Present,TRUE,FALSE,0,mock_video,EduPulse_v1.0
4101,S001,Linda Ahmed,L3dcd1e5d2,CS302 — GRP_A_CS302 (Week 2),L004,mina youssef,2,CS302,Data Science Fundamentals,3,Group A - CS302,2,2026-02-18T12:07:38Z,12:07,5,Happy,0.87,0.97,0.83,Present,TRUE,FALSE,0,mock_video,EduPulse_v1.0
4121,S001,Linda Ahmed,L3dcd1e5d2,CS302 — GRP_A_CS302 (Week 2),L004,mina youssef,2,CS302,Data Science Fundamentals,3,Group A - CS302,2,2026-02-18T12:13:54Z,12:13,10,Happy,0.89,0.81,0.67,Present,TRUE,FALSE,0,mock_video,EduPulse_v1.0
4141,S001,Linda Ahmed,L3dcd1e5d2,CS302 — GRP_A_CS302 (Week 2),L004,mina youssef,2,CS302,Data Science Fundamentals,3,Group A - CS302,2,2026-02-18T12:17:17Z,12:17,15,Happy,0.89,0.9,0.74,Present,TRUE,FALSE,0,mock_video,EduPulse_v1.0
4161,S001,Linda Ahmed,L3dcd1e5d2,CS302 — GRP_A_CS302 (Week 2),L004,mina youssef,2,CS302,Data Science Fundamentals,3,Group A - CS302,2,2026-02-18T12:20:42Z,12:20,20,Confused,0.76,0.42,0.75,Present,TRUE,FALSE,0,mock_video,EduPulse_v1.0
4181,S001,Linda Ahmed,L3dcd1e5d2,CS302 — GRP_A_CS302 (Week 2),L004,mina youssef,2,CS302,Data Science Fundamentals,3,Group A - CS302,2,2026-02-18T12:27:23Z,12:27,25,Confused,0.75,0.5,0.85,Present,TRUE,FALSE,0,mock_video,EduPulse_v1.0
4201,S001,Linda Ahmed,L3dcd1e5d2,CS302 — GRP_A_CS302 (Week 2),L004,mina youssef,2,CS302,Data Science Fundamentals,3,Group A - CS302,2,2026-02-18T12:33:35Z,12:33,30,Confused,0.73,0.32,0.61,Present,TRUE,FALSE,0,mock_video,EduPulse_v1.0
4221,S001,Linda Ahmed,L3dcd1e5d2,CS302 — GRP_A_CS302 (Week 2),L004,mina youssef,2,CS302,Data Science Fundamentals,3,Group A - CS302,2,2026-02-18T12:36:25Z,12:36,35,Confused,0.75,0.45,0.68,Present,TRUE,FALSE,0,mock_video,EduPulse_v1.0
4241,S001,Linda Ahmed,L3dcd1e5d2,CS302 — GRP_A_CS302 (Week 2),L004,mina youssef,2,CS302,Data Science Fundamentals,3,Group A - CS302,2,2026-02-18T12:43:58Z,12:43,40,Confused,0.79,0.4,0.82,Present,TRUE,FALSE,0,mock_video,EduPulse_v1.0
4261,S001,Linda Ahmed,L3dcd1e5d2,CS302 — GRP_A_CS302 (Week 2),L004,mina youssef,2,CS302,Data Science Fundamentals,3,Group A - CS302,2,2026-02-18T12:49:11Z,12:49,45,Happy,0.92,0.9,0.93,Present,TRUE,FALSE,0,mock_video,EduPulse_v1.0
4281,S001,Linda Ahmed,L3dcd1e5d2,CS302 — GRP_A_CS302 (Week 2),L004,mina youssef,2,CS302,Data Science Fundamentals,3,Group A - CS302,2,2026-02-18T12:52:56Z,12:52,50,Happy,0.93,0.93,0.67,Present,TRUE,FALSE,0,mock_video,EduPulse_v1.0
4301,S001,Linda Ahmed,L3dcd1e5d2,CS302 — GRP_A_CS302 (Week 2),L004,mina youssef,2,CS302,Data Science Fundamentals,3,Group A - CS302,2,2026-02-18T12:56:28Z,12:56,55,Neutral,0.84,0.62,0.68,Present,TRUE,FALSE,0,mock_video,EduPulse_v1.0
6721,S001,Linda Ahmed,L6a39501e6,CS302 — GRP_A_CS302 (Week 13),L004,mina youssef,2,CS302,Data Science Fundamentals,3,Group A - CS302,13,2026-02-16T08:04:33Z,08:04,0,Bored,0.77,0.18,0.7,Present,TRUE,FALSE,0,mock_video,EduPulse_v1.0
6741,S001,Linda Ahmed,L6a39501e6,CS302 — GRP_A_CS302 (Week 13),L004,mina youssef,2,CS302,Data Science Fundamentals,3,Group A - CS302,13,2026-02-16T08:07:22Z,08:07,5,Confused,0.85,0.33,0.72,Present,TRUE,FALSE,0,mock_video,EduPulse_v1.0
6761,S001,Linda Ahmed,L6a39501e6,CS302 — GRP_A_CS302 (Week 13),L004,mina youssef,2,CS302,Data Science Fundamentals,3,Group A - CS302,13,2026-02-16T08:10:41Z,08:10,10,Confused,0.98,0.42,0.86,Present,TRUE,FALSE,0,mock_video,EduPulse_v1.0
6781,S001,Linda Ahmed,L6a39501e6,CS302 — GRP_A_CS302 (Week 13),L004,mina youssef,2,CS302,Data Science Fundamentals,3,Group A - CS302,13,2026-02-16T08:19:04Z,08:19,15,Happy,0.82,0.95,0.68,Present,TRUE,FALSE,0,mock_video,EduPulse_v1.0
6801,S001,Linda Ahmed,L6a39501e6,CS302 — GRP_A_CS302 (Week 13),L004,mina youssef,2,CS302,Data Science Fundamentals,3,Group A - CS302,13,2026-02-16T08:22:58Z,08:22,20,Confused,0.74,0.33,0.77,Present,TRUE,FALSE,0,mock_video,EduPulse_v1.0
6821,S001,Linda Ahmed,L6a39501e6,CS302 — GRP_A_CS302 (Week 13),L004,mina youssef,2,CS302,Data Science Fundamentals,3,Group A - CS302,13,2026-02-16T08:29:38Z,08:29,25,Confused,0.83,0.46,0.63,Present,TRUE,FALSE,0,mock_video,EduPulse_v1.0
6841,S001,Linda Ahmed,L6a39501e6,CS302 — GRP_A_CS302 (Week 13),L004,mina youssef,2,CS302,Data Science Fundamentals,3,Group A - CS302,13,2026-02-16T08:30:46Z,08:30,30,Confused,0.78,0.38,0.81,Absent,FALSE,TRUE,20,mock_video,EduPulse_v1.0
6861,S001,Linda Ahmed,L6a39501e6,CS302 — GRP_A_CS302 (Week 13),L004,mina youssef,2,CS302,Data Science Fundamentals,3,Group A - CS302,13,2026-02-16T08:39:55Z,08:39,35,Confused,0.76,0.42,0.66,Present,TRUE,FALSE,0,mock_video,EduPulse_v1.0
6881,S001,Linda Ahmed,L6a39501e6,CS302 — GRP_A_CS302 (Week 13),L004,mina youssef,2,CS302,Data Science Fundamentals,3,Group A - CS302,13,2026-02-16T08:42:24Z,08:42,40,Confused,0.81,0.39,0.66,Present,TRUE,FALSE,0,mock_video,EduPulse_v1.0
6901,S001,Linda Ahmed,L6a39501e6,CS302 — GRP_A_CS302 (Week 13),L004,mina youssef,2,CS302,Data Science Fundamentals,3,Group A - CS302,13,2026-02-16T08:48:22Z,08:48,45,Happy,0.86,1,0.73,Present,TRUE,FALSE,0,mock_video,EduPulse_v1.0
6921,S001,Linda Ahmed,L6a39501e6,CS302 — GRP_A_CS302 (Week 13),L004,mina youssef,2,CS302,Data Science Fundamentals,3,Group A - CS302,13,2026-02-16T08:51:19Z,08:51,50,Neutral,0.98,0.68,0.86,Present,TRUE,FALSE,0,mock_video,EduPulse_v1.0
6941,S001,Linda Ahmed,L6a39501e6,CS302 — GRP_A_CS302 (Week 13),L004,mina youssef,2,CS302,Data Science Fundamentals,3,Group A - CS302,13,2026-02-16T08:57:29Z,08:57,55,Neutral,0.86,0.59,0.61,Present,TRUE,FALSE,0,mock_video,EduPulse_v1.0
6961,S001,Linda Ahmed,L01b28a9f1,CS302 — GRP_A_CS302 (Week 14),L004,mina youssef,2,CS302,Data Science Fundamentals,3,Group A - CS302,14,2026-02-18T12:00:24Z,12:00,0,Neutral,0.99,0.69,0.76,Present,TRUE,FALSE,0,mock_video,EduPulse_v1.0
6981,S001,Linda Ahmed,L01b28a9f1,CS302 — GRP_A_CS302 (Week 14),L004,mina youssef,2,CS302,Data Science Fundamentals,3,Group A - CS302,14,2026-02-18T12:05:43Z,12:05,5,Neutral,0.86,0.67,0.68,Present,TRUE,FALSE,0,mock_video,EduPulse_v1.0
7001,S001,Linda Ahmed,L01b28a9f1,CS302 — GRP_A_CS302 (Week 14),L004,mina youssef,2,CS302,Data Science Fundamentals,3,Group A - CS302,14,2026-02-18T12:12:22Z,12:12,10,Happy,0.76,0.93,0.65,Present,TRUE,FALSE,0,mock_video,EduPulse_v1.0
7021,S001,Linda Ahmed,L01b28a9f1,CS302 — GRP_A_CS302 (Week 14),L004,mina youssef,2,CS302,Data Science Fundamentals,3,Group A - CS302,14,2026-02-18T12:18:10Z,12:18,15,Neutral,0.79,0.57,0.66,Present,TRUE,FALSE,0,mock_video,EduPulse_v1.0
7041,S001,Linda Ahmed,L01b28a9f1,CS302 — GRP_A_CS302 (Week 14),L004,mina youssef,2,CS302,Data Science Fundamentals,3,Group A - CS302,14,2026-02-18T12:22:01Z,12:22,20,Confused,0.76,0.3,0.65,Present,TRUE,FALSE,0,mock_video,EduPulse_v1.0
7061,S001,Linda Ahmed,L01b28a9f1,CS302 — GRP_A_CS302 (Week 14),L004,mina youssef,2,CS302,Data Science Fundamentals,3,Group A - CS302,14,2026-02-18T12:29:18Z,12:29,25,Confused,0.84,0.32,0.77,Absent,FALSE,TRUE,15,mock_video,EduPulse_v1.0
7081,S001,Linda Ahmed,L01b28a9f1,CS302 — GRP_A_CS302 (Week 14),L004,mina youssef,2,CS302,Data Science Fundamentals,3,Group A - CS302,14,2026-02-18T12:33:56Z,12:33,30,Confused,0.83,0.35,0.75,Present,TRUE,FALSE,0,mock_video,EduPulse_v1.0
7101,S001,Linda Ahmed,L01b28a9f1,CS302 — GRP_A_CS302 (Week 14),L004,mina youssef,2,CS302,Data Science Fundamentals,3,Group A - CS302,14,2026-02-18T12:36:59Z,12:36,35,Confused,0.84,0.31,0.78,Present,TRUE,FALSE,0,mock_video,EduPulse_v1.0
7121,S001,Linda Ahmed,L01b28a9f1,CS302 — GRP_A_CS302 (Week 14),L004,mina youssef,2,CS302,Data Science Fundamentals,3,Group A - CS302,14,2026-02-18T12:44:22Z,12:44,40,Confused,0.84,0.48,0.86,Present,TRUE,FALSE,0,mock_video,EduPulse_v1.0
7141,S001,Linda Ahmed,L01b28a9f1,CS302 — GRP_A_CS302 (Week 14),L004,mina youssef,2,CS302,Data Science Fundamentals,3,Group A - CS302,14,2026-02-18T12:48:31Z,12:48,45,Happy,0.8,0.92,0.87,Present,TRUE,FALSE,0,mock_video,EduPulse_v1.0
7161,S001,Linda Ahmed,L01b28a9f1,CS302 — GRP_A_CS302 (Week 14),L004,mina youssef,2,CS302,Data Science Fundamentals,3,Group A - CS302,14,2026-02-18T12:52:22Z,12:52,50,Confused,0.93,0.37,0.81,Present,TRUE,FALSE,0,mock_video,EduPulse_v1.0
7181,S001,Linda Ahmed,L01b28a9f1,CS302 — GRP_A_CS302 (Week 14),L004,mina youssef,2,CS302,Data Science Fundamentals,3,Group A - CS302,14,2026-02-18T12:56:54Z,12:56,55,Happy,0.9,0.89,0.91,Present,TRUE,FALSE,0,mock_video,EduPulse_v1.0
19201,S001,Linda Ahmed,La855331f6,CS301 — GRP_A_CS301 (Week 1),L009,Linda ahmed,1,CS301,Artificial Intelligence,1,Group A - CS301,1,2026-05-10T05:52:45Z,05:52,0,Neutral,0.62,0.65,0.886,Present,TRUE,FALSE,0,live_camera,EduPulse_opencv
19202,S001,Linda Ahmed,La855331f6,CS301 — GRP_A_CS301 (Week 1),L009,Linda ahmed,1,CS301,Artificial Intelligence,1,Group A - CS301,1,2026-05-10T05:52:48Z,05:52,0,Neutral,0.62,0.65,0.886,Present,TRUE,FALSE,0,live_camera,EduPulse_opencv
19203,S001,Linda Ahmed,La855331f6,CS301 — GRP_A_CS301 (Week 1),L009,Linda ahmed,1,CS301,Artificial Intelligence,1,Group A - CS301,1,2026-05-10T05:52:51Z,05:52,0,Neutral,0.62,0.65,0.886,Present,TRUE,FALSE,0,live_camera,EduPulse_opencv
19204,S001,Linda Ahmed,La855331f6,CS301 — GRP_A_CS301 (Week 1),L009,Linda ahmed,1,CS301,Artificial Intelligence,1,Group A - CS301,1,2026-05-10T05:52:59Z,05:52,0,Confused,0.58,0.4,0.432,Present,TRUE,FALSE,0,live_camera,EduPulse_opencv
19205,S001,Linda Ahmed,La855331f6,CS301 — GRP_A_CS301 (Week 1),L009,Linda ahmed,1,CS301,Artificial Intelligence,1,Group A - CS301,1,2026-05-10T05:53:03Z,05:53,0,Neutral,0.62,0.65,0.886,Present,TRUE,FALSE,0,live_camera,EduPulse_opencv
19206,S001,Linda Ahmed,La855331f6,CS301 — GRP_A_CS301 (Week 1),L009,Linda ahmed,1,CS301,Artificial Intelligence,1,Group A - CS301,1,2026-05-10T05:53:05Z,05:53,0,Neutral,0.62,0.65,0.886,Present,TRUE,FALSE,0,live_camera,EduPulse_opencv
19207,S001,Linda Ahmed,La855331f6,CS301 — GRP_A_CS301 (Week 1),L009,Linda ahmed,1,CS301,Artificial Intelligence,1,Group A - CS301,1,2026-05-10T05:53:09Z,05:53,0,Confused,0.58,0.4,0.432,Present,TRUE,FALSE,0,live_camera,EduPulse_opencv
19208,S001,Linda Ahmed,La855331f6,CS301 — GRP_A_CS301 (Week 1),L009,Linda ahmed,1,CS301,Artificial Intelligence,1,Group A - CS301,1,2026-05-10T05:53:14Z,05:53,0,Neutral,0.62,0.65,0.886,Present,TRUE,FALSE,0,live_camera,EduPulse_opencv
19209,S001,Linda Ahmed,La855331f6,CS301 — GRP_A_CS301 (Week 1),L009,Linda ahmed,1,CS301,Artificial Intelligence,1,Group A - CS301,1,2026-05-10T06:01:37Z,06:01,0,Confused,0.58,0.4,0.432,Present,TRUE,FALSE,0,live_camera,EduPulse_opencv
19210,S001,Linda Ahmed,La855331f6,CS301 — GRP_A_CS301 (Week 1),L009,Linda ahmed,1,CS301,Artificial Intelligence,1,Group A - CS301,1,2026-05-10T06:01:39Z,06:01,0,Confused,0.58,0.4,0.432,Present,TRUE,FALSE,0,live_camera,EduPulse_opencv
19211,S001,Linda Ahmed,La855331f6,CS301 — GRP_A_CS301 (Week 1),L009,Linda ahmed,1,CS301,Artificial Intelligence,1,Group A - CS301,1,2026-05-10T06:01:42Z,06:01,0,Confused,0.58,0.4,0.432,Present,TRUE,FALSE,0,live_camera,EduPulse_opencv
19212,S001,Linda Ahmed,La855331f6,CS301 — GRP_A_CS301 (Week 1),L009,Linda ahmed,1,CS301,Artificial Intelligence,1,Group A - CS301,1,2026-05-10T06:01:45Z,06:01,0,Confused,0.58,0.4,0.432,Present,TRUE,FALSE,0,live_camera,EduPulse_opencv
19213,S001,Linda Ahmed,La855331f6,CS301 — GRP_A_CS301 (Week 1),L009,Linda ahmed,1,CS301,Artificial Intelligence,1,Group A - CS301,1,2026-05-10T06:01:48Z,06:01,0,Confused,0.58,0.4,0.432,Present,TRUE,FALSE,0,live_camera,EduPulse_opencv
19214,S001,Linda Ahmed,La855331f6,CS301 — GRP_A_CS301 (Week 1),L009,Linda ahmed,1,CS301,Artificial Intelligence,1,Group A - CS301,1,2026-05-10T06:01:51Z,06:01,0,Confused,0.58,0.4,0.432,Present,TRUE,FALSE,0,live_camera,EduPulse_opencv
19215,S001,Linda Ahmed,La855331f6,CS301 — GRP_A_CS301 (Week 1),L009,Linda ahmed,1,CS301,Artificial Intelligence,1,Group A - CS301,1,2026-05-10T06:01:54Z,06:01,0,Confused,0.58,0.4,0.432,Present,TRUE,FALSE,0,live_camera,EduPulse_opencv
19216,S001,Linda Ahmed,La855331f6,CS301 — GRP_A_CS301 (Week 1),L009,Linda ahmed,1,CS301,Artificial Intelligence,1,Group A - CS301,1,2026-05-10T06:01:57Z,06:01,0,Confused,0.58,0.4,0.432,Present,TRUE,FALSE,0,live_camera,EduPulse_opencv
19217,S001,Linda Ahmed,La855331f6,CS301 — GRP_A_CS301 (Week 1),L009,Linda ahmed,1,CS301,Artificial Intelligence,1,Group A - CS301,1,2026-05-10T06:02:00Z,06:02,0,Confused,0.58,0.4,0.432,Present,TRUE,FALSE,0,live_camera,EduPulse_opencv
19218,S001,Linda Ahmed,La855331f6,CS301 — GRP_A_CS301 (Week 1),L009,Linda ahmed,1,CS301,Artificial Intelligence,1,Group A - CS301,1,2026-05-10T06:02:03Z,06:02,0,Confused,0.58,0.4,0.432,Present,TRUE,FALSE,0,live_camera,EduPulse_opencv
19219,S001,Linda Ahmed,La855331f6,CS301 — GRP_A_CS301 (Week 1),L009,Linda ahmed,1,CS301,Artificial Intelligence,1,Group A - CS301,1,2026-05-10T06:02:06Z,06:02,0,Confused,0.58,0.4,0.432,Present,TRUE,FALSE,0,live_camera,EduPulse_opencv
19220,S001,Linda Ahmed,La855331f6,CS301 — GRP_A_CS301 (Week 1),L009,Linda ahmed,1,CS301,Artificial Intelligence,1,Group A - CS301,1,2026-05-10T06:02:09Z,06:02,0,Confused,0.58,0.4,0.432,Present,TRUE,FALSE,0,live_camera,EduPulse_opencv
19221,S001,Linda Ahmed,La855331f6,CS301 — GRP_A_CS301 (Week 1),L009,Linda ahmed,1,CS301,Artificial Intelligence,1,Group A - CS301,1,2026-05-10T06:02:12Z,06:02,0,Confused,0.58,0.4,0.432,Present,TRUE,FALSE,0,live_camera,EduPulse_opencv
19222,S001,Linda Ahmed,La855331f6,CS301 — GRP_A_CS301 (Week 1),L009,Linda ahmed,1,CS301,Artificial Intelligence,1,Group A - CS301,1,2026-05-10T06:02:15Z,06:02,0,Confused,0.58,0.4,0.432,Present,TRUE,FALSE,0,live_camera,EduPulse_opencv
19223,S001,Linda Ahmed,La855331f6,CS301 — GRP_A_CS301 (Week 1),L009,Linda ahmed,1,CS301,Artificial Intelligence,1,Group A - CS301,1,2026-05-10T06:02:18Z,06:02,0,Confused,0.58,0.4,0.432,Present,TRUE,FALSE,0,live_camera,EduPulse_opencv
19224,S001,Linda Ahmed,La855331f6,CS301 — GRP_A_CS301 (Week 1),L009,Linda ahmed,1,CS301,Artificial Intelligence,1,Group A - CS301,1,2026-05-10T06:02:21Z,06:02,0,Confused,0.58,0.4,0.432,Present,TRUE,FALSE,0,live_camera,EduPulse_opencv
19225,S001,Linda Ahmed,La855331f6,CS301 — GRP_A_CS301 (Week 1),L009,Linda ahmed,1,CS301,Artificial Intelligence,1,Group A - CS301,1,2026-05-10T06:02:24Z,06:02,0,Neutral,0.62,0.65,0.886,Present,TRUE,FALSE,0,live_camera,EduPulse_opencv
19226,S001,Linda Ahmed,La855331f6,CS301 — GRP_A_CS301 (Week 1),L009,Linda ahmed,1,CS301,Artificial Intelligence,1,Group A - CS301,1,2026-05-10T06:02:27Z,06:02,0,Confused,0.58,0.4,0.432,Present,TRUE,FALSE,0,live_camera,EduPulse_opencv
19227,S001,Linda Ahmed,La855331f6,CS301 — GRP_A_CS301 (Week 1),L009,Linda ahmed,1,CS301,Artificial Intelligence,1,Group A - CS301,1,2026-05-10T06:02:30Z,06:02,0,Confused,0.58,0.4,0.432,Present,TRUE,FALSE,0,live_camera,EduPulse_opencv
19228,S001,Linda Ahmed,La855331f6,CS301 — GRP_A_CS301 (Week 1),L009,Linda ahmed,1,CS301,Artificial Intelligence,1,Group A - CS301,1,2026-05-10T06:02:33Z,06:02,1,Confused,0.58,0.4,0.432,Present,TRUE,FALSE,0,live_camera,EduPulse_opencv
19229,S001,Linda Ahmed,La855331f6,CS301 — GRP_A_CS301 (Week 1),L009,Linda ahmed,1,CS301,Artificial Intelligence,1,Group A - CS301,1,2026-05-10T06:02:42Z,06:02,1,Confused,0.58,0.4,0.432,Present,TRUE,FALSE,0,live_camera,EduPulse_opencv
19230,S001,Linda Ahmed,La855331f6,CS301 — GRP_A_CS301 (Week 1),L009,Linda ahmed,1,CS301,Artificial Intelligence,1,Group A - CS301,1,2026-05-10T06:02:48Z,06:02,1,Confused,0.58,0.4,0.432,Present,TRUE,FALSE,0,live_camera,EduPulse_opencv
19231,S001,Linda Ahmed,La855331f6,CS301 — GRP_A_CS301 (Week 1),L009,Linda ahmed,1,CS301,Artificial Intelligence,1,Group A - CS301,1,2026-05-10T06:02:51Z,06:02,1,Confused,0.58,0.4,0.432,Present,TRUE,FALSE,0,live_camera,EduPulse_opencv
19232,S001,Linda Ahmed,La855331f6,CS301 — GRP_A_CS301 (Week 1),L009,Linda ahmed,1,CS301,Artificial Intelligence,1,Group A - CS301,1,2026-05-10T06:02:54Z,06:02,1,Confused,0.58,0.4,0.432,Present,TRUE,FALSE,0,live_camera,EduPulse_opencv
19233,S001,Linda Ahmed,La855331f6,CS301 — GRP_A_CS301 (Week 1),L009,Linda ahmed,1,CS301,Artificial Intelligence,1,Group A - CS301,1,2026-05-10T06:02:57Z,06:02,1,Confused,0.58,0.4,0.432,Present,TRUE,FALSE,0,live_camera,EduPulse_opencv
19234,S001,Linda Ahmed,La855331f6,CS301 — GRP_A_CS301 (Week 1),L009,Linda ahmed,1,CS301,Artificial Intelligence,1,Group A - CS301,1,2026-05-10T06:03:00Z,06:03,1,Confused,0.58,0.4,0.432,Present,TRUE,FALSE,0,live_camera,EduPulse_opencv
19235,S001,Linda Ahmed,La855331f6,CS301 — GRP_A_CS301 (Week 1),L009,Linda ahmed,1,CS301,Artificial Intelligence,1,Group A - CS301,1,2026-05-10T06:03:03Z,06:03,1,Confused,0.58,0.4,0.432,Present,TRUE,FALSE,0,live_camera,EduPulse_opencv
19236,S001,Linda Ahmed,La855331f6,CS301 — GRP_A_CS301 (Week 1),L009,Linda ahmed,1,CS301,Artificial Intelligence,1,Group A - CS301,1,2026-05-10T06:03:09Z,06:03,1,Confused,0.58,0.4,0.432,Present,TRUE,FALSE,0,live_camera,EduPulse_opencv
19237,S001,Linda Ahmed,La855331f6,CS301 — GRP_A_CS301 (Week 1),L009,Linda ahmed,1,CS301,Artificial Intelligence,1,Group A - CS301,1,2026-05-10T06:03:12Z,06:03,1,Confused,0.58,0.4,0.432,Present,TRUE,FALSE,0,live_camera,EduPulse_opencv
19238,S001,Linda Ahmed,La855331f6,CS301 — GRP_A_CS301 (Week 1),L009,Linda ahmed,1,CS301,Artificial Intelligence,1,Group A - CS301,1,2026-05-10T06:03:18Z,06:03,1,Confused,0.58,0.4,0.432,Present,TRUE,FALSE,0,live_camera,EduPulse_opencv
19239,S001,Linda Ahmed,Lb9d959c1b,CS301 — GRP_A_CS301 (Week 13),L009,Linda ahmed,1,CS301,Artificial Intelligence,1,Group A - CS301,13,2026-05-10T07:39:48Z,07:39,0,Neutral,0.62,0.65,0.886,Present,TRUE,FALSE,0,live_camera,EduPulse_v1.0
19240,S001,Linda Ahmed,Lb9d959c1b,CS301 — GRP_A_CS301 (Week 13),L009,Linda ahmed,1,CS301,Artificial Intelligence,1,Group A - CS301,13,2026-05-10T07:39:51Z,07:39,0,Neutral,0.62,0.65,0.886,Present,TRUE,FALSE,0,live_camera,EduPulse_v1.0
19241,S001,Linda Ahmed,Lb9d959c1b,CS301 — GRP_A_CS301 (Week 13),L009,Linda ahmed,1,CS301,Artificial Intelligence,1,Group A - CS301,13,2026-05-10T07:39:54Z,07:39,0,Neutral,0.62,0.65,0.886,Present,TRUE,FALSE,0,live_camera,EduPulse_v1.0
19242,S001,Linda Ahmed,Lb9d959c1b,CS301 — GRP_A_CS301 (Week 13),L009,Linda ahmed,1,CS301,Artificial Intelligence,1,Group A - CS301,13,2026-05-10T07:39:57Z,07:39,0,Neutral,0.62,0.65,0.886,Present,TRUE,FALSE,0,live_camera,EduPulse_v1.0
19243,S001,Linda Ahmed,Lb9d959c1b,CS301 — GRP_A_CS301 (Week 13),L009,Linda ahmed,1,CS301,Artificial Intelligence,1,Group A - CS301,13,2026-05-10T07:40:03Z,07:40,0,Neutral,0.62,0.65,0.886,Present,TRUE,FALSE,0,live_camera,EduPulse_v1.0
19244,S001,Linda Ahmed,Lb9d959c1b,CS301 — GRP_A_CS301 (Week 13),L009,Linda ahmed,1,CS301,Artificial Intelligence,1,Group A - CS301,13,2026-05-10T07:40:18Z,07:40,0,Neutral,0.62,0.65,0.886,Present,TRUE,FALSE,0,live_camera,EduPulse_v1.0
19245,S001,Linda Ahmed,Lb9d959c1b,CS301 — GRP_A_CS301 (Week 13),L009,Linda ahmed,1,CS301,Artificial Intelligence,1,Group A - CS301,13,2026-05-10T07:40:21Z,07:40,0,Neutral,0.62,0.65,0.886,Present,TRUE,FALSE,0,live_camera,EduPulse_v1.0
19246,S001,Linda Ahmed,Lb9d959c1b,CS301 — GRP_A_CS301 (Week 13),L009,Linda ahmed,1,CS301,Artificial Intelligence,1,Group A - CS301,13,2026-05-10T07:43:53Z,07:43,0,Neutral,0.62,0.65,0.886,Present,TRUE,FALSE,3,live_camera,EduPulse_v1.0
19247,S001,Linda Ahmed,Lb9d959c1b,CS301 — GRP_A_CS301 (Week 13),L009,Linda ahmed,1,CS301,Artificial Intelligence,1,Group A - CS301,13,2026-05-10T07:43:53Z,07:43,0,Neutral,0.62,0.65,0.886,Present,TRUE,FALSE,3,live_camera,EduPulse_v1.0
19248,S001,Linda Ahmed,Lb9d959c1b,CS301 — GRP_A_CS301 (Week 13),L009,Linda ahmed,1,CS301,Artificial Intelligence,1,Group A - CS301,13,2026-05-10T07:43:56Z,07:43,0,Neutral,0.62,0.65,0.886,Present,TRUE,FALSE,3,live_camera,EduPulse_v1.0
19249,S001,Linda Ahmed,Lb9d959c1b,CS301 — GRP_A_CS301 (Week 13),L009,Linda ahmed,1,CS301,Artificial Intelligence,1,Group A - CS301,13,2026-05-10T07:44:14Z,07:44,0,Neutral,0.62,0.65,0.886,Present,TRUE,FALSE,3,live_camera,EduPulse_v1.0
19250,S001,Linda Ahmed,Lb9d959c1b,CS301 — GRP_A_CS301 (Week 13),L009,Linda ahmed,1,CS301,Artificial Intelligence,1,Group A - CS301,13,2026-05-10T07:44:26Z,07:44,0,Neutral,0.48,0.65,0.42,Present,TRUE,FALSE,3,live_camera,EduPulse_v1.0
19251,S001,Linda Ahmed,Lb9d959c1b,CS301 — GRP_A_CS301 (Week 13),L009,Linda ahmed,1,CS301,Artificial Intelligence,1,Group A - CS301,13,2026-05-10T07:44:38Z,07:44,0,Neutral,0.62,0.65,0.886,Present,TRUE,FALSE,3,live_camera,EduPulse_v1.0
19252,S001,Linda Ahmed,Lb9d959c1b,CS301 — GRP_A_CS301 (Week 13),L009,Linda ahmed,1,CS301,Artificial Intelligence,1,Group A - CS301,13,2026-05-10T07:44:41Z,07:44,0,Neutral,0.62,0.65,0.886,Present,TRUE,FALSE,3,live_camera,EduPulse_v1.0
19253,S001,Linda Ahmed,Lb9d959c1b,CS301 — GRP_A_CS301 (Week 13),L009,Linda ahmed,1,CS301,Artificial Intelligence,1,Group A - CS301,13,2026-05-10T07:44:44Z,07:44,0,Neutral,0.62,0.65,0.886,Present,TRUE,FALSE,3,live_camera,EduPulse_v1.0
19254,S001,Linda Ahmed,Lb9d959c1b,CS301 — GRP_A_CS301 (Week 13),L009,Linda ahmed,1,CS301,Artificial Intelligence,1,Group A - CS301,13,2026-05-10T07:44:50Z,07:44,0,Neutral,0.62,0.65,0.886,Present,TRUE,FALSE,3,live_camera,EduPulse_v1.0
19255,S001,Linda Ahmed,Lb9d959c1b,CS301 — GRP_A_CS301 (Week 13),L009,Linda ahmed,1,CS301,Artificial Intelligence,1,Group A - CS301,13,2026-05-10T07:44:53Z,07:44,0,Neutral,0.62,0.65,0.886,Present,TRUE,FALSE,3,live_camera,EduPulse_v1.0
2,S002,Rawan Elsawaby,Lbc5f9ac04,CS301 — GRP_A_CS301 (Week 1),L002,Ahmed Mohamed,1,CS301,Artificial Intelligence,1,Group A - CS301,1,2026-02-09T08:01:16Z,08:01,0,Neutral,0.91,0.68,0.85,Present,TRUE,FALSE,0,mock_video,EduPulse_v1.0
22,S002,Rawan Elsawaby,Lbc5f9ac04,CS301 — GRP_A_CS301 (Week 1),L002,Ahmed Mohamed,1,CS301,Artificial Intelligence,1,Group A - CS301,1,2026-02-09T08:05:56Z,08:05,5,Happy,0.83,0.99,0.84,Present,TRUE,FALSE,0,mock_video,EduPulse_v1.0
42,S002,Rawan Elsawaby,Lbc5f9ac04,CS301 — GRP_A_CS301 (Week 1),L002,Ahmed Mohamed,1,CS301,Artificial Intelligence,1,Group A - CS301,1,2026-02-09T08:10:43Z,08:10,10,Neutral,0.84,0.63,0.86,Present,TRUE,FALSE,0,mock_video,EduPulse_v1.0
62,S002,Rawan Elsawaby,Lbc5f9ac04,CS301 — GRP_A_CS301 (Week 1),L002,Ahmed Mohamed,1,CS301,Artificial Intelligence,1,Group A - CS301,1,2026-02-09T08:15:29Z,08:15,15,Happy,0.77,1,0.74,Present,TRUE,FALSE,0,mock_video,EduPulse_v1.0
82,S002,Rawan Elsawaby,Lbc5f9ac04,CS301 — GRP_A_CS301 (Week 1),L002,Ahmed Mohamed,1,CS301,Artificial Intelligence,1,Group A - CS301,1,2026-02-09T08:22:51Z,08:22,20,Neutral,0.8,0.67,0.61,Present,TRUE,FALSE,0,mock_video,EduPulse_v1.0
102,S002,Rawan Elsawaby,Lbc5f9ac04,CS301 — GRP_A_CS301 (Week 1),L002,Ahmed Mohamed,1,CS301,Artificial Intelligence,1,Group A - CS301,1,2026-02-09T08:28:22Z,08:28,25,Happy,0.94,0.98,0.7,Present,TRUE,FALSE,0,mock_video,EduPulse_v1.0
122,S002,Rawan Elsawaby,Lbc5f9ac04,CS301 — GRP_A_CS301 (Week 1),L002,Ahmed Mohamed,1,CS301,Artificial Intelligence,1,Group A - CS301,1,2026-02-09T08:34:53Z,08:34,30,Happy,0.76,0.96,0.75,Present,TRUE,FALSE,0,mock_video,EduPulse_v1.0
142,S002,Rawan Elsawaby,Lbc5f9ac04,CS301 — GRP_A_CS301 (Week 1),L002,Ahmed Mohamed,1,CS301,Artificial Intelligence,1,Group A - CS301,1,2026-02-09T08:35:18Z,08:35,35,Neutral,0.88,0.57,0.6,Present,TRUE,FALSE,0,mock_video,EduPulse_v1.0
162,S002,Rawan Elsawaby,Lbc5f9ac04,CS301 — GRP_A_CS301 (Week 1),L002,Ahmed Mohamed,1,CS301,Artificial Intelligence,1,Group A - CS301,1,2026-02-09T08:43:30Z,08:43,40,Neutral,0.84,0.65,0.93,Present,TRUE,FALSE,0,mock_video,EduPulse_v1.0
182,S002,Rawan Elsawaby,Lbc5f9ac04,CS301 — GRP_A_CS301 (Week 1),L002,Ahmed Mohamed,1,CS301,Artificial Intelligence,1,Group A - CS301,1,2026-02-09T08:46:18Z,08:46,45,Happy,0.83,0.93,0.73,Present,TRUE,FALSE,0,mock_video,EduPulse_v1.0
202,S002,Rawan Elsawaby,Lbc5f9ac04,CS301 — GRP_A_CS301 (Week 1),L002,Ahmed Mohamed,1,CS301,Artificial Intelligence,1,Group A - CS301,1,2026-02-09T08:52:23Z,08:52,50,Neutral,0.95,0.64,0.94,Present,TRUE,FALSE,0,mock_video,EduPulse_v1.0
222,S002,Rawan Elsawaby,Lbc5f9ac04,CS301 — GRP_A_CS301 (Week 1),L002,Ahmed Mohamed,1,CS301,Artificial Intelligence,1,Group A - CS301,1,2026-02-09T08:55:34Z,08:55,55,Happy,0.99,0.98,0.64,Present,TRUE,FALSE,0,mock_video,EduPulse_v1.0
242,S002,Rawan Elsawaby,Lbda5b8140,CS301 — GRP_A_CS301 (Week 2),L002,Ahmed Mohamed,1,CS301,Artificial Intelligence,1,Group A - CS301,2,2026-02-11T12:03:58Z,12:03,0,Happy,0.85,0.96,0.63,Present,TRUE,FALSE,0,mock_video,EduPulse_v1.0
262,S002,Rawan Elsawaby,Lbda5b8140,CS301 — GRP_A_CS301 (Week 2),L002,Ahmed Mohamed,1,CS301,Artificial Intelligence,1,Group A - CS301,2,2026-02-11T12:09:12Z,12:09,5,Bored,0.76,0.21,0.87,Present,TRUE,FALSE,0,mock_video,EduPulse_v1.0
282,S002,Rawan Elsawaby,Lbda5b8140,CS301 — GRP_A_CS301 (Week 2),L002,Ahmed Mohamed,1,CS301,Artificial Intelligence,1,Group A - CS301,2,2026-02-11T12:13:40Z,12:13,10,Neutral,0.84,0.62,0.86,Present,TRUE,FALSE,0,mock_video,EduPulse_v1.0
302,S002,Rawan Elsawaby,Lbda5b8140,CS301 — GRP_A_CS301 (Week 2),L002,Ahmed Mohamed,1,CS301,Artificial Intelligence,1,Group A - CS301,2,2026-02-11T12:16:53Z,12:16,15,Happy,0.97,0.93,0.6,Present,TRUE,FALSE,0,mock_video,EduPulse_v1.0
322,S002,Rawan Elsawaby,Lbda5b8140,CS301 — GRP_A_CS301 (Week 2),L002,Ahmed Mohamed,1,CS301,Artificial Intelligence,1,Group A - CS301,2,2026-02-11T12:21:04Z,12:21,20,Happy,0.91,1,0.71,Present,TRUE,FALSE,0,mock_video,EduPulse_v1.0
342,S002,Rawan Elsawaby,Lbda5b8140,CS301 — GRP_A_CS301 (Week 2),L002,Ahmed Mohamed,1,CS301,Artificial Intelligence,1,Group A - CS301,2,2026-02-11T12:27:47Z,12:27,25,Bored,0.91,0.17,0.87,Present,TRUE,FALSE,0,mock_video,EduPulse_v1.0
362,S002,Rawan Elsawaby,Lbda5b8140,CS301 — GRP_A_CS301 (Week 2),L002,Ahmed Mohamed,1,CS301,Artificial Intelligence,1,Group A - CS301,2,2026-02-11T12:33:18Z,12:33,30,Neutral,0.77,0.74,0.91,Present,TRUE,FALSE,0,mock_video,EduPulse_v1.0
382,S002,Rawan Elsawaby,Lbda5b8140,CS301 — GRP_A_CS301 (Week 2),L002,Ahmed Mohamed,1,CS301,Artificial Intelligence,1,Group A - CS301,2,2026-02-11T12:35:25Z,12:35,35,Confused,0.81,0.34,0.94,Present,TRUE,FALSE,0,mock_video,EduPulse_v1.0
402,S002,Rawan Elsawaby,Lbda5b8140,CS301 — GRP_A_CS301 (Week 2),L002,Ahmed Mohamed,1,CS301,Artificial Intelligence,1,Group A - CS301,2,2026-02-11T12:42:08Z,12:42,40,Neutral,0.82,0.64,0.9,Present,TRUE,FALSE,0,mock_video,EduPulse_v1.0
422,S002,Rawan Elsawaby,Lbda5b8140,CS301 — GRP_A_CS301 (Week 2),L002,Ahmed Mohamed,1,CS301,Artificial Intelligence,1,Group A - CS301,2,2026-02-11T12:45:55Z,12:45,45,Neutral,0.77,0.65,0.87,Present,TRUE,FALSE,0,mock_video,EduPulse_v1.0
442,S002,Rawan Elsawaby,Lbda5b8140,CS301 — GRP_A_CS301 (Week 2),L002,Ahmed Mohamed,1,CS301,Artificial Intelligence,1,Group A - CS301,2,2026-02-11T12:52:32Z,12:52,50,Neutral,0.82,0.6,0.84,Present,TRUE,FALSE,0,mock_video,EduPulse_v1.0
462,S002,Rawan Elsawaby,Lbda5b8140,CS301 — GRP_A_CS301 (Week 2),L002,Ahmed Mohamed,1,CS301,Artificial Intelligence,1,Group A - CS301,2,2026-02-11T12:57:13Z,12:57,55,Neutral,0.92,0.65,0.83,Present,TRUE,FALSE,0,mock_video,EduPulse_v1.0
2882,S002,Rawan Elsawaby,L8add99619,CS301 — GRP_A_CS301 (Week 13),L002,Ahmed Mohamed,1,CS301,Artificial Intelligence,1,Group A - CS301,13,2026-02-09T08:04:27Z,08:04,0,Happy,0.85,1,0.91,Present,TRUE,FALSE,0,mock_video,EduPulse_v1.0
2902,S002,Rawan Elsawaby,L8add99619,CS301 — GRP_A_CS301 (Week 13),L002,Ahmed Mohamed,1,CS301,Artificial Intelligence,1,Group A - CS301,13,2026-02-09T08:08:57Z,08:08,5,Neutral,0.9,0.74,0.92,Present,TRUE,FALSE,0,mock_video,EduPulse_v1.0
2922,S002,Rawan Elsawaby,L8add99619,CS301 — GRP_A_CS301 (Week 13),L002,Ahmed Mohamed,1,CS301,Artificial Intelligence,1,Group A - CS301,13,2026-02-09T08:11:12Z,08:11,10,Confused,0.88,0.41,0.62,Present,TRUE,FALSE,0,mock_video,EduPulse_v1.0
2942,S002,Rawan Elsawaby,L8add99619,CS301 — GRP_A_CS301 (Week 13),L002,Ahmed Mohamed,1,CS301,Artificial Intelligence,1,Group A - CS301,13,2026-02-09T08:15:06Z,08:15,15,Confused,0.96,0.48,0.87,Present,TRUE,FALSE,0,mock_video,EduPulse_v1.0
2962,S002,Rawan Elsawaby,L8add99619,CS301 — GRP_A_CS301 (Week 13),L002,Ahmed Mohamed,1,CS301,Artificial Intelligence,1,Group A - CS301,13,2026-02-09T08:22:45Z,08:22,20,Happy,0.86,0.96,0.6,Present,TRUE,FALSE,0,mock_video,EduPulse_v1.0
2982,S002,Rawan Elsawaby,L8add99619,CS301 — GRP_A_CS301 (Week 13),L002,Ahmed Mohamed,1,CS301,Artificial Intelligence,1,Group A - CS301,13,2026-02-09T08:25:19Z,08:25,25,Bored,0.96,0.28,0.71,Present,TRUE,FALSE,0,mock_video,EduPulse_v1.0
3002,S002,Rawan Elsawaby,L8add99619,CS301 — GRP_A_CS301 (Week 13),L002,Ahmed Mohamed,1,CS301,Artificial Intelligence,1,Group A - CS301,13,2026-02-09T08:32:40Z,08:32,30,Bored,0.76,0.26,0.94,Present,TRUE,FALSE,0,mock_video,EduPulse_v1.0
3022,S002,Rawan Elsawaby,L8add99619,CS301 — GRP_A_CS301 (Week 13),L002,Ahmed Mohamed,1,CS301,Artificial Intelligence,1,Group A - CS301,13,2026-02-09T08:36:17Z,08:36,35,Happy,0.79,0.94,0.73,Present,TRUE,FALSE,0,mock_video,EduPulse_v1.0
3042,S002,Rawan Elsawaby,L8add99619,CS301 — GRP_A_CS301 (Week 13),L002,Ahmed Mohamed,1,CS301,Artificial Intelligence,1,Group A - CS301,13,2026-02-09T08:44:46Z,08:44,40,Neutral,0.81,0.6,0.87,Absent,FALSE,TRUE,20,mock_video,EduPulse_v1.0
3062,S002,Rawan Elsawaby,L8add99619,CS301 — GRP_A_CS301 (Week 13),L002,Ahmed Mohamed,1,CS301,Artificial Intelligence,1,Group A - CS301,13,2026-02-09T08:48:14Z,08:48,45,Happy,0.75,0.95,0.89,Present,TRUE,FALSE,0,mock_video,EduPulse_v1.0
3082,S002,Rawan Elsawaby,L8add99619,CS301 — GRP_A_CS301 (Week 13),L002,Ahmed Mohamed,1,CS301,Artificial Intelligence,1,Group A - CS301,13,2026-02-09T08:53:58Z,08:53,50,Happy,0.81,1,0.86,Present,TRUE,FALSE,0,mock_video,EduPulse_v1.0
3102,S002,Rawan Elsawaby,L8add99619,CS301 — GRP_A_CS301 (Week 13),L002,Ahmed Mohamed,1,CS301,Artificial Intelligence,1,Group A - CS301,13,2026-02-09T08:59:13Z,08:59,55,Neutral,0.79,0.68,0.67,Present,TRUE,FALSE,0,mock_video,EduPulse_v1.0
3122,S002,Rawan Elsawaby,L6668652b8,CS301 — GRP_A_CS301 (Week 14),L002,Ahmed Mohamed,1,CS301,Artificial Intelligence,1,Group A - CS301,14,2026-02-11T12:02:55Z,12:02,0,Happy,0.92,1,0.81,Present,TRUE,FALSE,0,mock_video,EduPulse_v1.0
3142,S002,Rawan Elsawaby,L6668652b8,CS301 — GRP_A_CS301 (Week 14),L002,Ahmed Mohamed,1,CS301,Artificial Intelligence,1,Group A - CS301,14,2026-02-11T12:08:58Z,12:08,5,Confused,0.8,0.37,0.82,Present,TRUE,FALSE,0,mock_video,EduPulse_v1.0
3162,S002,Rawan Elsawaby,L6668652b8,CS301 — GRP_A_CS301 (Week 14),L002,Ahmed Mohamed,1,CS301,Artificial Intelligence,1,Group A - CS301,14,2026-02-11T12:13:35Z,12:13,10,Happy,0.99,1,0.67,Present,TRUE,FALSE,0,mock_video,EduPulse_v1.0
3182,S002,Rawan Elsawaby,L6668652b8,CS301 — GRP_A_CS301 (Week 14),L002,Ahmed Mohamed,1,CS301,Artificial Intelligence,1,Group A - CS301,14,2026-02-11T12:17:51Z,12:17,15,Happy,0.85,0.96,0.94,Present,TRUE,FALSE,0,mock_video,EduPulse_v1.0
3202,S002,Rawan Elsawaby,L6668652b8,CS301 — GRP_A_CS301 (Week 14),L002,Ahmed Mohamed,1,CS301,Artificial Intelligence,1,Group A - CS301,14,2026-02-11T12:20:23Z,12:20,20,Neutral,0.8,0.66,0.8,Present,TRUE,FALSE,0,mock_video,EduPulse_v1.0
3222,S002,Rawan Elsawaby,L6668652b8,CS301 — GRP_A_CS301 (Week 14),L002,Ahmed Mohamed,1,CS301,Artificial Intelligence,1,Group A - CS301,14,2026-02-11T12:28:18Z,12:28,25,Bored,0.83,0.16,0.9,Present,TRUE,FALSE,0,mock_video,EduPulse_v1.0
3242,S002,Rawan Elsawaby,L6668652b8,CS301 — GRP_A_CS301 (Week 14),L002,Ahmed Mohamed,1,CS301,Artificial Intelligence,1,Group A - CS301,14,2026-02-11T12:31:21Z,12:31,30,Bored,0.77,0.23,0.65,Present,TRUE,FALSE,0,mock_video,EduPulse_v1.0
3262,S002,Rawan Elsawaby,L6668652b8,CS301 — GRP_A_CS301 (Week 14),L002,Ahmed Mohamed,1,CS301,Artificial Intelligence,1,Group A - CS301,14,2026-02-11T12:36:25Z,12:36,35,Neutral,0.79,0.57,0.91,Present,TRUE,FALSE,0,mock_video,EduPulse_v1.0
3282,S002,Rawan Elsawaby,L6668652b8,CS301 — GRP_A_CS301 (Week 14),L002,Ahmed Mohamed,1,CS301,Artificial Intelligence,1,Group A - CS301,14,2026-02-11T12:43:24Z,12:43,40,Happy,0.88,0.9,0.72,Present,TRUE,FALSE,0,mock_video,EduPulse_v1.0
3302,S002,Rawan Elsawaby,L6668652b8,CS301 — GRP_A_CS301 (Week 14),L002,Ahmed Mohamed,1,CS301,Artificial Intelligence,1,Group A - CS301,14,2026-02-11T12:48:25Z,12:48,45,Neutral,0.99,0.69,0.68,Present,TRUE,FALSE,0,mock_video,EduPulse_v1.0
3322,S002,Rawan Elsawaby,L6668652b8,CS301 — GRP_A_CS301 (Week 14),L002,Ahmed Mohamed,1,CS301,Artificial Intelligence,1,Group A - CS301,14,2026-02-11T12:52:42Z,12:52,50,Happy,0.85,0.89,0.68,Present,TRUE,FALSE,0,mock_video,EduPulse_v1.0
3342,S002,Rawan Elsawaby,L6668652b8,CS301 — GRP_A_CS301 (Week 14),L002,Ahmed Mohamed,1,CS301,Artificial Intelligence,1,Group A - CS301,14,2026-02-11T12:56:31Z,12:56,55,Neutral,0.78,0.7,0.91,Present,TRUE,FALSE,0,mock_video,EduPulse_v1.0
3842,S002,Rawan Elsawaby,Lc352ea6f6,CS302 — GRP_A_CS302 (Week 1),L004,mina youssef,2,CS302,Data Science Fundamentals,3,Group A - CS302,1,2026-02-16T08:01:23Z,08:01,0,Neutral,0.77,0.69,0.87,Present,TRUE,FALSE,0,mock_video,EduPulse_v1.0
3862,S002,Rawan Elsawaby,Lc352ea6f6,CS302 — GRP_A_CS302 (Week 1),L004,mina youssef,2,CS302,Data Science Fundamentals,3,Group A - CS302,1,2026-02-16T08:07:25Z,08:07,5,Confused,0.94,0.42,0.85,Present,TRUE,FALSE,0,mock_video,EduPulse_v1.0
3882,S002,Rawan Elsawaby,Lc352ea6f6,CS302 — GRP_A_CS302 (Week 1),L004,mina youssef,2,CS302,Data Science Fundamentals,3,Group A - CS302,1,2026-02-16T08:13:33Z,08:13,10,Neutral,0.77,0.65,0.91,Present,TRUE,FALSE,0,mock_video,EduPulse_v1.0
3902,S002,Rawan Elsawaby,Lc352ea6f6,CS302 — GRP_A_CS302 (Week 1),L004,mina youssef,2,CS302,Data Science Fundamentals,3,Group A - CS302,1,2026-02-16T08:19:25Z,08:19,15,Happy,0.98,0.97,0.73,Present,TRUE,FALSE,0,mock_video,EduPulse_v1.0
3922,S002,Rawan Elsawaby,Lc352ea6f6,CS302 — GRP_A_CS302 (Week 1),L004,mina youssef,2,CS302,Data Science Fundamentals,3,Group A - CS302,1,2026-02-16T08:22:52Z,08:22,20,Confused,0.76,0.39,0.7,Present,TRUE,FALSE,0,mock_video,EduPulse_v1.0
3942,S002,Rawan Elsawaby,Lc352ea6f6,CS302 — GRP_A_CS302 (Week 1),L004,mina youssef,2,CS302,Data Science Fundamentals,3,Group A - CS302,1,2026-02-16T08:25:33Z,08:25,25,Confused,0.71,0.4,0.74,Absent,FALSE,TRUE,5,mock_video,EduPulse_v1.0
3962,S002,Rawan Elsawaby,Lc352ea6f6,CS302 — GRP_A_CS302 (Week 1),L004,mina youssef,2,CS302,Data Science Fundamentals,3,Group A - CS302,1,2026-02-16T08:32:00Z,08:32,30,Confused,0.82,0.35,0.9,Present,TRUE,FALSE,0,mock_video,EduPulse_v1.0
3982,S002,Rawan Elsawaby,Lc352ea6f6,CS302 — GRP_A_CS302 (Week 1),L004,mina youssef,2,CS302,Data Science Fundamentals,3,Group A - CS302,1,2026-02-16T08:37:32Z,08:37,35,Confused,0.72,0.36,0.74,Present,TRUE,FALSE,0,mock_video,EduPulse_v1.0
4002,S002,Rawan Elsawaby,Lc352ea6f6,CS302 — GRP_A_CS302 (Week 1),L004,mina youssef,2,CS302,Data Science Fundamentals,3,Group A - CS302,1,2026-02-16T08:42:36Z,08:42,40,Confused,0.79,0.47,0.63,Present,TRUE,FALSE,0,mock_video,EduPulse_v1.0
4022,S002,Rawan Elsawaby,Lc352ea6f6,CS302 — GRP_A_CS302 (Week 1),L004,mina youssef,2,CS302,Data Science Fundamentals,3,Group A - CS302,1,2026-02-16T08:48:08Z,08:48,45,Happy,0.76,0.95,0.66,Present,TRUE,FALSE,0,mock_video,EduPulse_v1.0
4042,S002,Rawan Elsawaby,Lc352ea6f6,CS302 — GRP_A_CS302 (Week 1),L004,mina youssef,2,CS302,Data Science Fundamentals,3,Group A - CS302,1,2026-02-16T08:54:34Z,08:54,50,Neutral,0.79,0.62,0.91,Present,TRUE,FALSE,0,mock_video,EduPulse_v1.0
4062,S002,Rawan Elsawaby,Lc352ea6f6,CS302 — GRP_A_CS302 (Week 1),L004,mina youssef,2,CS302,Data Science Fundamentals,3,Group A - CS302,1,2026-02-16T08:59:43Z,08:59,55,Confused,0.97,0.38,0.7,Present,TRUE,FALSE,0,mock_video,EduPulse_v1.0
4082,S002,Rawan Elsawaby,L3dcd1e5d2,CS302 — GRP_A_CS302 (Week 2),L004,mina youssef,2,CS302,Data Science Fundamentals,3,Group A - CS302,2,2026-02-18T12:04:18Z,12:04,0,Confused,0.79,0.31,0.78,Present,TRUE,FALSE,0,mock_video,EduPulse_v1.0
4102,S002,Rawan Elsawaby,L3dcd1e5d2,CS302 — GRP_A_CS302 (Week 2),L004,mina youssef,2,CS302,Data Science Fundamentals,3,Group A - CS302,2,2026-02-18T12:06:56Z,12:06,5,Happy,0.86,0.92,0.7,Present,TRUE,FALSE,0,mock_video,EduPulse_v1.0
4122,S002,Rawan Elsawaby,L3dcd1e5d2,CS302 — GRP_A_CS302 (Week 2),L004,mina youssef,2,CS302,Data Science Fundamentals,3,Group A - CS302,2,2026-02-18T12:12:44Z,12:12,10,Confused,0.97,0.43,0.69,Present,TRUE,FALSE,0,mock_video,EduPulse_v1.0
4142,S002,Rawan Elsawaby,L3dcd1e5d2,CS302 — GRP_A_CS302 (Week 2),L004,mina youssef,2,CS302,Data Science Fundamentals,3,Group A - CS302,2,2026-02-18T12:15:10Z,12:15,15,Bored,0.84,0.1,0.62,Present,TRUE,FALSE,0,mock_video,EduPulse_v1.0
4162,S002,Rawan Elsawaby,L3dcd1e5d2,CS302 — GRP_A_CS302 (Week 2),L004,mina youssef,2,CS302,Data Science Fundamentals,3,Group A - CS302,2,2026-02-18T12:23:21Z,12:23,20,Confused,0.71,0.38,0.76,Present,TRUE,FALSE,0,mock_video,EduPulse_v1.0
4182,S002,Rawan Elsawaby,L3dcd1e5d2,CS302 — GRP_A_CS302 (Week 2),L004,mina youssef,2,CS302,Data Science Fundamentals,3,Group A - CS302,2,2026-02-18T12:26:26Z,12:26,25,Confused,0.71,0.36,0.78,Present,TRUE,FALSE,0,mock_video,EduPulse_v1.0
4202,S002,Rawan Elsawaby,L3dcd1e5d2,CS302 — GRP_A_CS302 (Week 2),L004,mina youssef,2,CS302,Data Science Fundamentals,3,Group A - CS302,2,2026-02-18T12:30:26Z,12:30,30,Confused,0.76,0.33,0.81,Present,TRUE,FALSE,0,mock_video,EduPulse_v1.0
4222,S002,Rawan Elsawaby,L3dcd1e5d2,CS302 — GRP_A_CS302 (Week 2),L004,mina youssef,2,CS302,Data Science Fundamentals,3,Group A - CS302,2,2026-02-18T12:39:03Z,12:39,35,Confused,0.72,0.45,0.79,Present,TRUE,FALSE,0,mock_video,EduPulse_v1.0
4242,S002,Rawan Elsawaby,L3dcd1e5d2,CS302 — GRP_A_CS302 (Week 2),L004,mina youssef,2,CS302,Data Science Fundamentals,3,Group A - CS302,2,2026-02-18T12:44:22Z,12:44,40,Confused,0.76,0.37,0.85,Present,TRUE,FALSE,0,mock_video,EduPulse_v1.0
4262,S002,Rawan Elsawaby,L3dcd1e5d2,CS302 — GRP_A_CS302 (Week 2),L004,mina youssef,2,CS302,Data Science Fundamentals,3,Group A - CS302,2,2026-02-18T12:45:08Z,12:45,45,Happy,0.82,0.92,0.77,Absent,FALSE,TRUE,15,mock_video,EduPulse_v1.0
4282,S002,Rawan Elsawaby,L3dcd1e5d2,CS302 — GRP_A_CS302 (Week 2),L004,mina youssef,2,CS302,Data Science Fundamentals,3,Group A - CS302,2,2026-02-18T12:51:44Z,12:51,50,Neutral,0.85,0.63,0.88,Present,TRUE,FALSE,0,mock_video,EduPulse_v1.0
4302,S002,Rawan Elsawaby,L3dcd1e5d2,CS302 — GRP_A_CS302 (Week 2),L004,mina youssef,2,CS302,Data Science Fundamentals,3,Group A - CS302,2,2026-02-18T12:58:50Z,12:58,55,Bored,0.89,0.17,0.88,Present,TRUE,FALSE,0,mock_video,EduPulse_v1.0
6722,S002,Rawan Elsawaby,L6a39501e6,CS302 — GRP_A_CS302 (Week 13),L004,mina youssef,2,CS302,Data Science Fundamentals,3,Group A - CS302,13,2026-02-16T08:03:01Z,08:03,0,Bored,0.88,0.23,0.75,Present,TRUE,FALSE,0,mock_video,EduPulse_v1.0
6742,S002,Rawan Elsawaby,L6a39501e6,CS302 — GRP_A_CS302 (Week 13),L004,mina youssef,2,CS302,Data Science Fundamentals,3,Group A - CS302,13,2026-02-16T08:08:42Z,08:08,5,Happy,0.76,0.97,0.71,Present,TRUE,FALSE,0,mock_video,EduPulse_v1.0
6762,S002,Rawan Elsawaby,L6a39501e6,CS302 — GRP_A_CS302 (Week 13),L004,mina youssef,2,CS302,Data Science Fundamentals,3,Group A - CS302,13,2026-02-16T08:10:28Z,08:10,10,Happy,0.79,1,0.6,Present,TRUE,FALSE,0,mock_video,EduPulse_v1.0
6782,S002,Rawan Elsawaby,L6a39501e6,CS302 — GRP_A_CS302 (Week 13),L004,mina youssef,2,CS302,Data Science Fundamentals,3,Group A - CS302,13,2026-02-16T08:17:49Z,08:17,15,Happy,0.95,0.98,0.83,Present,TRUE,FALSE,0,mock_video,EduPulse_v1.0
6802,S002,Rawan Elsawaby,L6a39501e6,CS302 — GRP_A_CS302 (Week 13),L004,mina youssef,2,CS302,Data Science Fundamentals,3,Group A - CS302,13,2026-02-16T08:20:19Z,08:20,20,Confused,0.79,0.47,0.67,Present,TRUE,FALSE,0,mock_video,EduPulse_v1.0
6822,S002,Rawan Elsawaby,L6a39501e6,CS302 — GRP_A_CS302 (Week 13),L004,mina youssef,2,CS302,Data Science Fundamentals,3,Group A - CS302,13,2026-02-16T08:27:05Z,08:27,25,Confused,0.8,0.45,0.74,Present,TRUE,FALSE,0,mock_video,EduPulse_v1.0
6842,S002,Rawan Elsawaby,L6a39501e6,CS302 — GRP_A_CS302 (Week 13),L004,mina youssef,2,CS302,Data Science Fundamentals,3,Group A - CS302,13,2026-02-16T08:34:49Z,08:34,30,Confused,0.8,0.44,0.92,Present,TRUE,FALSE,0,mock_video,EduPulse_v1.0
6862,S002,Rawan Elsawaby,L6a39501e6,CS302 — GRP_A_CS302 (Week 13),L004,mina youssef,2,CS302,Data Science Fundamentals,3,Group A - CS302,13,2026-02-16T08:36:13Z,08:36,35,Confused,0.77,0.45,0.76,Present,TRUE,FALSE,0,mock_video,EduPulse_v1.0
6882,S002,Rawan Elsawaby,L6a39501e6,CS302 — GRP_A_CS302 (Week 13),L004,mina youssef,2,CS302,Data Science Fundamentals,3,Group A - CS302,13,2026-02-16T08:43:24Z,08:43,40,Confused,0.74,0.3,0.63,Present,TRUE,FALSE,0,mock_video,EduPulse_v1.0
6902,S002,Rawan Elsawaby,L6a39501e6,CS302 — GRP_A_CS302 (Week 13),L004,mina youssef,2,CS302,Data Science Fundamentals,3,Group A - CS302,13,2026-02-16T08:46:29Z,08:46,45,Neutral,0.78,0.69,0.87,Absent,FALSE,TRUE,20,mock_video,EduPulse_v1.0
6922,S002,Rawan Elsawaby,L6a39501e6,CS302 — GRP_A_CS302 (Week 13),L004,mina youssef,2,CS302,Data Science Fundamentals,3,Group A - CS302,13,2026-02-16T08:52:06Z,08:52,50,Neutral,0.88,0.64,0.93,Present,TRUE,FALSE,0,mock_video,EduPulse_v1.0
6942,S002,Rawan Elsawaby,L6a39501e6,CS302 — GRP_A_CS302 (Week 13),L004,mina youssef,2,CS302,Data Science Fundamentals,3,Group A - CS302,13,2026-02-16T08:58:14Z,08:58,55,Happy,0.77,1,0.86,Present,TRUE,FALSE,0,mock_video,EduPulse_v1.0
6962,S002,Rawan Elsawaby,L01b28a9f1,CS302 — GRP_A_CS302 (Week 14),L004,mina youssef,2,CS302,Data Science Fundamentals,3,Group A - CS302,14,2026-02-18T12:02:33Z,12:02,0,Happy,0.87,1,0.83,Present,TRUE,FALSE,0,mock_video,EduPulse_v1.0
6982,S002,Rawan Elsawaby,L01b28a9f1,CS302 — GRP_A_CS302 (Week 14),L004,mina youssef,2,CS302,Data Science Fundamentals,3,Group A - CS302,14,2026-02-18T12:06:26Z,12:06,5,Happy,0.85,0.89,0.83,Present,TRUE,FALSE,0,mock_video,EduPulse_v1.0
7002,S002,Rawan Elsawaby,L01b28a9f1,CS302 — GRP_A_CS302 (Week 14),L004,mina youssef,2,CS302,Data Science Fundamentals,3,Group A - CS302,14,2026-02-18T12:11:26Z,12:11,10,Happy,0.92,0.92,0.71,Present,TRUE,FALSE,0,mock_video,EduPulse_v1.0
7022,S002,Rawan Elsawaby,L01b28a9f1,CS302 — GRP_A_CS302 (Week 14),L004,mina youssef,2,CS302,Data Science Fundamentals,3,Group A - CS302,14,2026-02-18T12:17:25Z,12:17,15,Neutral,0.77,0.53,0.71,Present,TRUE,FALSE,0,mock_video,EduPulse_v1.0
7042,S002,Rawan Elsawaby,L01b28a9f1,CS302 — GRP_A_CS302 (Week 14),L004,mina youssef,2,CS302,Data Science Fundamentals,3,Group A - CS302,14,2026-02-18T12:20:53Z,12:20,20,Confused,0.81,0.6,0.8,Present,TRUE,FALSE,0,mock_video,EduPulse_v1.0
7062,S002,Rawan Elsawaby,L01b28a9f1,CS302 — GRP_A_CS302 (Week 14),L004,mina youssef,2,CS302,Data Science Fundamentals,3,Group A - CS302,14,2026-02-18T12:28:13Z,12:28,25,Confused,0.76,0.32,0.75,Present,TRUE,FALSE,0,mock_video,EduPulse_v1.0
7082,S002,Rawan Elsawaby,L01b28a9f1,CS302 — GRP_A_CS302 (Week 14),L004,mina youssef,2,CS302,Data Science Fundamentals,3,Group A - CS302,14,2026-02-18T12:30:31Z,12:30,30,Confused,0.72,0.39,0.69,Present,TRUE,FALSE,0,mock_video,EduPulse_v1.0
7102,S002,Rawan Elsawaby,L01b28a9f1,CS302 — GRP_A_CS302 (Week 14),L004,mina youssef,2,CS302,Data Science Fundamentals,3,Group A - CS302,14,2026-02-18T12:36:43Z,12:36,35,Confused,0.76,0.36,0.66,Present,TRUE,FALSE,0,mock_video,EduPulse_v1.0
7122,S002,Rawan Elsawaby,L01b28a9f1,CS302 — GRP_A_CS302 (Week 14),L004,mina youssef,2,CS302,Data Science Fundamentals,3,Group A - CS302,14,2026-02-18T12:44:31Z,12:44,40,Confused,0.8,0.41,0.66,Present,TRUE,FALSE,0,mock_video,EduPulse_v1.0
7142,S002,Rawan Elsawaby,L01b28a9f1,CS302 — GRP_A_CS302 (Week 14),L004,mina youssef,2,CS302,Data Science Fundamentals,3,Group A - CS302,14,2026-02-18T12:46:06Z,12:46,45,Neutral,0.9,0.63,0.79,Present,TRUE,FALSE,0,mock_video,EduPulse_v1.0
7162,S002,Rawan Elsawaby,L01b28a9f1,CS302 — GRP_A_CS302 (Week 14),L004,mina youssef,2,CS302,Data Science Fundamentals,3,Group A - CS302,14,2026-02-18T12:54:54Z,12:54,50,Neutral,0.97,0.65,0.68,Present,TRUE,FALSE,0,mock_video,EduPulse_v1.0
7182,S002,Rawan Elsawaby,L01b28a9f1,CS302 — GRP_A_CS302 (Week 14),L004,mina youssef,2,CS302,Data Science Fundamentals,3,Group A - CS302,14,2026-02-18T12:55:32Z,12:55,55,Neutral,0.93,0.72,0.62,Present,TRUE,FALSE,0,mock_video,EduPulse_v1.0
